Workbook

Sheet Phan_cong
A1: BREWLITE — PHÂN CÔNG (3 GIAI ĐOẠN)
A2: GĐ1 Backend → GĐ2 Frontend → GĐ3 Tích hợp + bàn giao. Mỗi người code (kèm agent) theo docs/ của feature mình; chỉ sửa thư mục của mình. Chi tiết quy tắc ở sheet Quy_tac.
A3: Tiến độ (số task Xong): | C3: =COUNTIF(G7:G39,"Xong")&" / "&COUNTA(B7:B39)
A6: Giai đoạn | B6: ID | C6: Người | D6: Việc cần làm | E6: File / thư mục | F6: Xong khi | G6: Status | H6: Leader Duyệt | I6: Ngày Hoàn thành Task
A7: GIAI ĐOẠN 1 — BACKEND (song song; cuối GĐ1 mỗi người có request curl chạy được cho endpoint của mình)
A9: GĐ1 | B9: GD1-01 | C9: Chiến | D9: Auth: POST /auth/register, /auth/login (bcrypt, JWT), JwtAuthGuard, req.user = { sub, email }. | E9: backend/src/modules/auth/** | F9: Sai mật khẩu → 401; email trùng → 409; thiếu/hết hạn token → 401; không lưu plaintext password. | G9: Xong | H9: OK | I9: 19/10/2026 11:29 (e316bfe)
A10: GĐ1 | B10: GD1-02 | C10: Chiến | D10: Nền chung (làm NGÀY 1): sửa AllExceptionsFilter (không lộ lỗi nội bộ, Prisma P2002→409, P2025→404); migration OrderStatusHistory.fromStatus nullable; 1 endpoint /health; cài jest cho backend; đăng ký sẵn module trong app.module.ts; chốt chữ ký hàm chung (calculate / transition / validate). | E10: backend/prisma/schema.prisma, migrations, common/**, app.module.ts, main.ts | F10: `npm run build` + `npm test` chạy được trên máy sạch; mọi người pull và code tiếp không chờ nhau. | G10: Xong | H10: OK | I10: 19/10/2026 11:23 (02d8e3c)
A11: GĐ1 | B11: GD1-03 | C11: Lan | D11: Seed (làm NGÀY 1, merge sớm): ≥10 sản phẩm có ảnh, 3 topping, ≥2 mã khuyến mãi (giảm % có trần + giảm cố định, có mức tối thiểu), user demo, 1 sản phẩm tồn kho thấp. | E11: backend/prisma/seed.ts | F11: `prisma db seed` chạy 2 lần liên tiếp không lỗi. | G11: Xong | H11: OK | I11: 19/10/2026 14:08 (365609f)
A12: GĐ1 | B12: GD1-04 | C12: Lan | D12: GET /products bằng Prisma: chỉ sản phẩm đang bán, KHÔNG trả stock, rỗng trả []. | E12: modules/products/products.controller.ts, products.service.ts | F12: Khớp docs/product-catalog/api-contract; không lộ stock. | G12: Xong | H12: OK | I12: 19/10/2026 14:08 (365609f)
A13: GĐ1 | B13: GD1-05 | C13: Lan | D13: PromotionsService.validate(code, totalAmount) → { promotionId, discountAmount } hoặc 400 (hết hạn, chưa tới hạn, dưới mức tối thiểu, mã sai; không âm). LoyaltyService.award(tx, order): floor(finalAmount/1000) điểm, idempotent theo orderId. | E13: modules/promotions/**, modules/loyalty/** | F13: Gọi 2 lần chỉ cộng điểm 1 lần; giảm giá không làm finalAmount < 0. | G13: Xong | H13: OK | I13: 21/10/2026 01:50 (74fabdc)
A14: GĐ1 | B14: GD1-06 | C14: Vũ Huy | D14: PricingService.calculate (nguồn giá duy nhất: unitPrice, lineTotal) + GET /products/:id (giá theo size, topping đang bán, 404, cờ hết hàng). | E14: modules/pricing/**, modules/products/product-detail.* | F14: Ví dụ giá S/M/L × 0–3 topping khớp docs; id sai → 404. | G14: Xong | H14: OK | I14: 19/10/2026 21:50 (d51541c)
A15: GĐ1 | B15: GD1-07 | C15: Vũ Huy | D15: POST /orders/:id/cancel: chỉ chủ đơn (khác chủ → 404); chỉ từ PENDING/PAYMENT_FAILED (còn lại → 409); hoàn kho Product + Topping trong cùng transaction; gọi OrderService.transition(). | E15: modules/orders/cancel/** | F15: Hủy 2 lần → 409; tồn kho trở lại đúng. | G15: Xong | H15: OK | I15: 20/10/2026 15:13 (d25822c)
A16: GĐ1 | B16: GD1-08 | C16: Hạnh | D16: OrderService.transition() = chỗ DUY NHẤT ghi Order.status (assertTransition theo 9 chuyển tiếp, cập nhật có điều kiện theo version, ghi OrderStatusHistory). Push stub chữ ký lên ngày 1 để Kiệt / Vũ Huy gọi được. | E16: modules/orders/order.service.ts, order-state.ts | F16: Chuyển sai → 409; COMPLETED/CANCELLED không đi tiếp. | G16: Xong | H16: OK | I16: 20/10/2026 07:05 (713effd)
A17: GĐ1 | B17: GD1-09 | C17: Hạnh | D17: POST /orders: JwtAuthGuard, DTO validate (items không rỗng, quantity 1..99, topping ≤3 không trùng, promotionCode tùy chọn, không nhận userId), dùng PricingService + PromotionsService, transaction: trừ kho Product (optimistic lock theo version) + Topping (stock >= quantity), tạo Order PENDING + OrderItem + lịch sử. | E17: modules/orders/** (trừ cancel, history) | F17: Server tự tính tiền; lỗi giữa chừng → rollback; hết hàng → 400; trả mã đơn. | G17: Xong | H17: OK | I17: 20/10/2026 07:05 (713effd)
A18: GĐ1 | B18: GD1-10 | C18: Kiệt | D18: MockGateway (X-Mock-Outcome chỉ đọc khi NODE_ENV ≠ production) + POST /payments: header Idempotency-Key bắt buộc, body { orderId, method }; chủ đơn (404), trạng thái PENDING/PAYMENT_FAILED (409); thành công → PAID + cộng điểm (LoyaltyService.award); lỗi → PAYMENT_FAILED; thử lại bằng key mới; cùng key cùng nội dung → trả kết quả cũ; cùng key khác nội dung → 409. | E18: modules/payments/** | F18: Replay không tạo Payment mới; không 500 khi trùng key; chỉ gọi transition() để đổi trạng thái. | G18: Xong | H18: OK | I18: 22/10/2026 00:10 (2515e1a)
A19: GĐ1 | B19: GD1-11 | C19: Quang Huy | D19: GET /orders/me: lọc theo req.user.sub, mới nhất trước, phân trang, kèm items + trạng thái thanh toán. | E19: modules/orders/history/** | F19: User A không đọc được đơn của user B. | G19: Xong | H19: OK | I19: 23/10/2026 09:36 (d7bb5bf)
A20: GĐ1 | B20: GD1-12 | C20: Hào | D20: Script bắn N request song song POST /orders (dùng cho test (c)) + curl thử luồng Orders/Payments của Hạnh, Kiệt và báo lỗi cho đúng owner. | E20: backend/test/helpers/** | F20: 1 lệnh chạy được; in số đơn thành công/thất bại và tồn kho cuối. | G20: Xong | H20: OK | I20: 22/10/2026 20:37 (1fe259f)
A21: GIAI ĐOẠN 2 — FRONTEND (song song; nối API thật; mọi màn dùng tốt ở 375px, có loading / empty / error)
A22: GĐ2 | B22: GD2-01 | C22: Chiến | D22: FE Đăng nhập & Đăng ký: form nhập auth, api-client gắn token Bearer, xử lý route guard bảo vệ các trang /checkout và /orders. | E22: frontend/src/app/auth/**, lib/api-client.ts, hooks/useRequireAuth.ts | F22: Giao diện tương tác được; đăng ký/đăng nhập thành công và lưu token; lỗi 401 tự chuyển hướng về login; route guard hoạt động. | G22: Xong | H22: OK | I22: 23/10/2026 16:55 (205a59b)
A23: GĐ2 | B23: GD2-02 | C23: Quang Huy | D23: FE AppShell & Điều hướng chung: khung layout, BottomNav 3 tab (Menu, Giỏ có badge số lượng, Đơn hàng), tối ưu giao diện mobile 375px. | E23: frontend/src/components/shell/**, app/layout.tsx, app/globals.css | F23: Giao diện tương tác được; thanh BottomNav chuyển trang mượt; badge số lượng giỏ cập nhật tức thì; hiển thị chuẩn 360–430px. | G23: Xong | H23: OK | I23: 23/10/2026 16:54 (592d477)
A24: GĐ2 | B24: GD2-03 | C24: Quang Huy | D24: FE Lịch sử & Chi tiết đơn hàng: trang /orders tải danh sách đơn từ API, màn xác nhận /orders/[id], hiển thị đúng 7 nhãn trạng thái và điểm tích lũy. | E24: frontend/src/app/orders/**, services/order.service.ts | F24: Giao diện tương tác được; xem được lịch sử đơn; xem chi tiết từng đơn hiển thị đầy đủ món, tổng tiền, điểm thưởng và trạng thái tiếng Việt. | G24: Xong | H24: OK | I24: 23/10/2026 16:56 (629c021)
A25: GĐ2 | B25: GD2-04 | C25: Lan | D25: FE Trang Menu sản phẩm: lưới thực đơn 2 cột, ProductCard hiển thị ảnh + fallback, tên món, giá bán, đủ các trạng thái loading/empty/error. | E25: frontend/src/app/menu/**, components/menu/**, components/ui/ProductImage.tsx | F25: Giao diện tương tác được; tải danh sách sản phẩm từ API; click vào món chuyển đúng sang trang chi tiết; ảnh lỗi tự hiển thị ảnh mặc định. | G25: Xong | H25: OK | I25: 23/10/2026 16:55 (7f86721)
A26: GĐ2 | B26: GD2-05 | C26: Lan | D26: FE Áp dụng mã khuyến mãi (Voucher): ô nhập mã voucher ở giỏ/checkout, gọi kiểm tra mã, hiển thị số tiền giảm và tính lại tổng thanh toán. | E26: frontend/src/app/cart/page.tsx, app/checkout/page.tsx | F26: Giao diện tương tác được; nhập mã hợp lệ giảm đúng số tiền; nhập mã sai báo lỗi rõ ràng và giữ nguyên trạng thái giỏ hàng. | G26: Xong | H26: OK | I26: 23/10/2026 16:55 (f6cf3ea)
A27: GĐ2 | B27: GD2-06 | C27: Vũ Huy | D27: FE Chi tiết món & Tùy chọn: trang /products/[id], bộ chọn Size (S/M/L), chọn Topping (tối đa 3 loại), tăng/giảm số lượng 1..99, tự động tính giá tạm tính. | E27: frontend/src/app/products/[id]/**, components/product-detail/** | F27: Giao diện tương tác được; đổi size/topping giá cập nhật ngay; không cho chọn quá 3 topping; nút Thêm vào giỏ hoạt động chuẩn xác. | G27: Xong | H27: OK | I27: 23/10/2026 16:55 (7f86721)
A28: GĐ2 | B28: GD2-07 | C28: Hào | D28: FE Quản lý giỏ hàng (Cart State & UI): store Zustand lưu giỏ hàng vào LocalStorage, tự gộp dòng khi trùng cấu hình, trang giỏ hàng /cart. | E28: frontend/src/store/useCartStore.ts, app/cart/** | F28: Giao diện tương tác được; thêm món vào giỏ cập nhật ngay; reload trang vẫn giữ nguyên giỏ hàng; giỏ rỗng tự disable nút thanh toán. | G28: Xong | H28: OK | I28: 23/10/2026 16:55 (7f86721)
A29: GĐ2 | B29: GD2-08 | C29: Hạnh | D29: FE Xác nhận đơn hàng & Tạo đơn: trang /checkout tóm tắt giỏ, gửi POST /orders tạo đơn PENDING, lưu pendingOrderId, chặn bấm đúp đặt hàng. | E29: frontend/src/app/checkout/page.tsx, services/order.service.ts | F29: Giao diện tương tác được; bấm Đặt hàng tạo đơn thành công và chuyển sang thanh toán; không mất giỏ khi lỗi mạng; chặn bấm đúp. | G29: Xong | H29: OK | I29: 23/10/2026 16:55 (f6cf3ea)
A30: GĐ2 | B30: GD2-09 | C30: Kiệt | D30: FE Thanh toán không tiền mặt: màn /checkout/payment chọn Ví/Thẻ, tự tạo Idempotency-Key mới, modal Mock Gateway test thành công/thất bại, retry khi lỗi. | E30: frontend/src/app/checkout/payment/**, components/checkout/MockGatewayModal.tsx | F30: Giao diện tương tác được; thanh toán thành công tự xóa giỏ và sang xác nhận đơn; thanh toán thất bại giữ nguyên giỏ và cho phép thử lại. | G30: Xong | H30: OK | I30: 23/10/2026 17:59 (56462ea)
A31: GIAI ĐOẠN 3 — TÍCH HỢP + BÀN GIAO
A32: GĐ3
A33: GĐ3
A34: GĐ3
A35: GĐ3
A36: GĐ3
A37: GĐ3
A38: GĐ3
A39: GĐ3

Sheet Quy_tac
A3: Quy tắc
A4: 1 | B4: Mỗi người chỉ sửa thư mục module của mình. File dùng chung (schema.prisma, app.module.ts, main.ts, common/**, layout.tsx, api-client.ts) chỉ Chiến sửa; seed.ts do Lan; components/shell + globals.css do Quang Huy trong GĐ2.
A5: 2 | B5: Không đổi contract trong docs/ mà chưa báo Chiến. Docs là nguồn sự thật cho agent code.
A6: 3 | B6: Giá và tổng tiền do backend tính (PricingService); FE chỉ hiển thị. Chỉ OrderService.transition() được ghi Order.status.
A7: 4 | B7: Giỏ hàng chỉ bị xóa khi thanh toán thành công (đơn PAID); mọi lỗi tạo đơn / thanh toán giữ nguyên giỏ.
A8: 5 | B8: Mỗi PR vào develop có ít nhất 1 người khác review; không commit thẳng vào main; commit message rõ ràng.
A9: 6 | B9: Cuối GĐ1: mỗi người có request curl (hoặc file .http) chạy được cho mọi endpoint của mình trước khi sang GĐ2.
A10: 7 | B10: Chỉ viết test cho Task 10 — (a), (b), (c) ở GĐ3. Không viết test FE, không Playwright, không CI.
A11: 8 | B11: Không có secret trong repo; .env chỉ có .env.example.
A13: Quyết định thiết kế (đã áp dụng trong docs)
A14: D1 | B14: Thanh toán lỗi → PAYMENT_FAILED; thử lại PAYMENT_FAILED → PENDING bằng Idempotency-Key mới, không giới hạn lần.
A15: D2 | B15: Giỏ chỉ xóa sau PAID; giỏ lưu pendingOrderId; giỏ đổi thì hủy đơn cũ và tạo đơn mới.
A16: D3 | B16: GET /products/:id trả toàn bộ topping đang bán; tồn kho do nguyên liệu quản lý, trừ bằng cập nhật có điều kiện nguyên tử stock >= quantity (Ingredient không dùng version); cột version chỉ còn dùng cho Order (chuyển trạng thái); Product.stock, Product.version, Topping.stock là DEPRECATED.
A17: D4 | B17: req.user = { sub, email, role }; POST /orders không nhận userId.
A18: D5 | B18: Số lượng mỗi dòng 1..99.
A19: D6 | B19: Giữ 9 chuyển tiếp theo đề (kể cả PAID → CANCELLED ở state machine); thêm POST /orders/:id/cancel; không scheduler.
A20: D7 | B20: promotionCode tùy chọn trong POST /orders; PromotionsService.validate tính giảm giá.
A21: D8 | B21: Mock gateway điều khiển bằng header X-Mock-Outcome (chỉ khi NODE_ENV ≠ production); công tắc demo ở FE.
A22: D9 | B22: 1 điểm / 1.000đ finalAmount (làm tròn xuống), chỉ cộng điểm, idempotent theo đơn.
A23: D10 | B23: Trừ kho nguyên liệu bằng cập nhật có điều kiện nguyên tử stock >= qty (tx.ingredient.updateMany); gom nhu cầu theo ingredientId và sắp xếp tăng dần trước khi trừ để chống deadlock. Ingredient không có cột version.
A24: D11 | B24: Định mức nguyên liệu dùng đơn vị chuẩn g, ml, piece, lưu kiểu số nguyên Int. Mỗi bậc size tăng ~30–50% so với bậc dưới, làm tròn số nguyên.
A25: D12 | B25: Hoãn hiển thị menu theo tồn kho nguyên liệu sang Giai đoạn 2. Giai đoạn 1 giữ nguyên GET /products, không lọc tồn kho nguyên liệu.
... A29: D16 | B29: Thêm User.role (Role: CUSTOMER, ADMIN, BARISTA, mặc định CUSTOMER), đưa vào JWT payload và req.user; bảo vệ route bằng @Roles() + RolesGuard (trả 403 nếu thiếu quyền); client không gửi role khi đăng ký; đăng nhập ADMIN chuyển tới /admin.

Sheet Doi_chieu_10_task
A1: ĐỐI CHIẾU 10 TASK CỦA ĐỀ
A3: Task đề | B3: Tên task | C3: Owner chính | D3: Task trong sheet Phan_cong | E3: Số task | F3: Trạng thái
A4: 1 | B4: Khởi tạo dự án và cấu trúc | C4: Chiến | D4: GD1-02, GD3-04 | E4: =COUNTIF(Phan_cong!$B$7:$B$39,"GD1-02")+COUNTIF(Phan_cong!$B$7:$B$39,"GD3-04") | F4: =IF(E4>=(LEN(D4)-LEN(SUBSTITUTE(D4,",",""))+1),"Đã phủ","THIẾU")
A5: 2 | B5: API danh sách sản phẩm | C5: Lan | D5: GD1-03, GD1-04 | E5: =COUNTIF(Phan_cong!$B$7:$B$39,"GD1-03")+COUNTIF(Phan_cong!$B$7:$B$39,"GD1-04") | F5: =IF(E5>=(LEN(D5)-LEN(SUBSTITUTE(D5,",",""))+1),"Đã phủ","THIẾU")
A6: 3 | B6: Trang Menu (Frontend) | C6: Lan | D6: GD2-04 | E6: =COUNTIF(Phan_cong!$B$7:$B$39,"GD2-04") | F6: =IF(E6>=(LEN(D6)-LEN(SUBSTITUTE(D6,",",""))+1),"Đã phủ","THIẾU")
A7: 4 | B7: Chi tiết và tùy chọn sản phẩm | C7: Vũ Huy | D7: GD1-06, GD2-06 | E7: =COUNTIF(Phan_cong!$B$7:$B$39,"GD1-06")+COUNTIF(Phan_cong!$B$7:$B$39,"GD2-06") | F7: =IF(E7>=(LEN(D7)-LEN(SUBSTITUTE(D7,",",""))+1),"Đã phủ","THIẾU")
A8: 5 | B8: Giỏ hàng (Cart) | C8: Hào | D8: GD2-07 | E8: =COUNTIF(Phan_cong!$B$7:$B$39,"GD2-07") | F8: =IF(E8>=(LEN(D8)-LEN(SUBSTITUTE(D8,",",""))+1),"Đã phủ","THIẾU")
A9: 6 | B9: API tạo đơn hàng | C9: Hạnh | D9: GD1-09, GD2-08 | E9: =COUNTIF(Phan_cong!$B$7:$B$39,"GD1-09")+COUNTIF(Phan_cong!$B$7:$B$39,"GD2-08") | F9: =IF(E9>=(LEN(D9)-LEN(SUBSTITUTE(D9,",",""))+1),"Đã phủ","THIẾU")
A10: 7 | B10: Đăng ký / Đăng nhập (JWT) | C10: Chiến | D10: GD1-01, GD2-01 | E10: =COUNTIF(Phan_cong!$B$7:$B$39,"GD1-01")+COUNTIF(Phan_cong!$B$7:$B$39,"GD2-01") | F10: =IF(E10>=(LEN(D10)-LEN(SUBSTITUTE(D10,",",""))+1),"Đã phủ","THIẾU")
A11: 8 | B11: Thanh toán không tiền mặt | C11: Kiệt | D11: GD1-10, GD2-09 | E11: =COUNTIF(Phan_cong!$B$7:$B$39,"GD1-10")+COUNTIF(Phan_cong!$B$7:$B$39,"GD2-09") | F11: =IF(E11>=(LEN(D11)-LEN(SUBSTITUTE(D11,",",""))+1),"Đã phủ","THIẾU")
A12: 9 | B12: Xác nhận, lịch sử đơn & bàn giao | C12: Quang Huy | D12: GD1-11, GD2-03, GD3-04, GD3-08 | E12: =COUNTIF(Phan_cong!$B$7:$B$39,"GD1-11")+COUNTIF(Phan_cong!$B$7:$B$39,"GD2-03")+COUNTIF(Phan_cong!$B$7:$B$39,"GD3-04")+COUNTIF(Phan_cong!$B$7:$B$39,"GD3-08") | F12: =IF(E12>=(LEN(D12)-LEN(SUBSTITUTE(D12,",",""))+1),"Đã phủ","THIẾU")
A13: 10 | B13: Nghiệp vụ backend (a)(b)(c) | C13: Hạnh / Kiệt / Hào | D13: GD1-08, GD1-10, GD3-01, GD3-02, GD3-03 | E13: =COUNTIF(Phan_cong!$B$7:$B$39,"GD1-08")+COUNTIF(Phan_cong!$B$7:$B$39,"GD1-10")+COUNTIF(Phan_cong!$B$7:$B$39,"GD3-01")+COUNTIF(Phan_cong!$B$7:$B$39,"GD3-02")+COUNTIF(Phan_cong!$B$7:$B$39,"GD3-03") | F13: =IF(E13>=(LEN(D13)-LEN(SUBSTITUTE(D13,",",""))+1),"Đã phủ","THIẾU")
A14: Tổng | F14: =IF(COUNTIF(F4:F13,"THIẾU")=0,"Đủ 10/10","Còn thiếu")

Sheet CR_NguyenLieu_Admin
A1: BREWLITE — CHANGE REQUEST (CR-01): QUẢN LÝ TỒN KHO THEO NGUYÊN LIỆU
A2: Phần việc thực hiện của LEADER (Chiến): Thiết kế CR, cập nhật DB docs/UML, Prisma Schema & Migration, Helper trừ/hoàn kho và Unit tests.
A3: Tiến độ (số task Xong): | C3: =COUNTIF(G8:G20,"Xong")&" / "&COUNTA(B8:B20)
A6: Giai đoạn | B6: ID | C6: Người | D6: Việc cần làm | E6: File / thư mục | F6: Xong khi | G6: Status | H6: Leader Duyệt | I6: Ngày Hoàn thành Task
A7: GIAI ĐOẠN 1 — THIẾT KẾ NỀN TẢNG, SCHEMA, MIGRATION & HELPER (LEADER CHIẾN)
A8: GĐ1-CR | B8: CR-LEADER | C8: Chiến | D8: Thực hiện trọn gói phần việc LEADER cho Change Request tồn kho theo nguyên liệu: 1. Viết lại CR doc (docs/change-request-ingredients.md) chốt D10–D14, định lượng S/M/L theo g/ml, bỏ version Ingredient, giữ cột cũ deprecated. 2. Sửa thiết kế DB (docs/database-design.md, database-erd.puml, class-diagram-backend.puml, database-uml.puml). 3. Thêm 4 model Prisma & tạo migration add_ingredient_inventory (không alter cột cũ). 4. Viết helper deductIngredients/restoreIngredients và trọn bộ unit test Jest 100% pass. | E8: docs/change-request-ingredients.md docs/database-design.md docs/architecture/** backend/prisma/** backend/src/common/ingredient-stock.helper.* | F8: CR & DB docs chuẩn D10-D14; Prisma validate/generate pass; 1 migration chỉ thêm bảng; helper có unit test 100% pass; npm run build & npm test pass sạch sẽ. | G8: Xong | H8: OK | I8: 27/10/2026 22:25 (CR-01)
A9: GĐ1-CR | B9: CR-LEADER-02 | C9: Chiến | D9: Chốt nốt trước khi mở nhánh cho cả nhóm: 1. Sửa deductIngredients trả về danh sách đã gom (IngredientUsage[]) để Hạnh ghi snapshot đúng bằng những gì đã trừ. 2. Chốt vào CR quy tắc món/size chưa có công thức (D15: trả 400 kèm message rõ ràng, kiểm tra trước khi trừ kho). 3. Cập nhật CR §6 theo phân công mới (hủy đơn → Vũ Huy, test Task 10(c) → Hào, Quang Huy không thuộc phạm vi CR-01). 4. Bổ sung D10–D15 vào sheet Quy_tac; sửa D3 (Ingredient không dùng version). | E9: backend/src/common/ingredient-stock.helper.* docs/change-request-ingredients.md sheet Quy_tac | F9: Helper + unit test cập nhật và pass (deductIngredients trả về danh sách đã gom); CR ghi rõ quy tắc thiếu công thức D15 và phân công đúng người; sheet Quy_tac đồng bộ D10–D15. | G9: Xong
A10: GĐ1-CR | B10: CR-ROLE-DESIGN | C10: Chiến | D10: Sửa mã mẫu mục 5.1 trong CR (khai báo công thức theo dòng, nạp công thức gộp, topping theo toppingId); thiết kế User.role (D16), cập nhật docs/auth/**, database-uml.puml, database-erd.puml, Quy_tac (D4, D16) | E10: docs/auth/** docs/change-request-ingredients.md docs/database-uml.* docs/architecture/database-erd.* sheet Quy_tac | F10: Mã mẫu 5.1 biên dịch được về mặt kiểu; docs/auth, UML và Quy_tac khớp thiết kế D16 | G10: Xong
A11: GĐ1-CR | B11: CR-ROLE | C11: Chiến | D11: Hiện thực role: enum Role + User.role (migration add_user_role); role trong JWT và req.user; @Roles + RolesGuard; RegisterDto không nhận role; frontend lưu role trong useAuthStore, đăng nhập ADMIN chuyển tới /admin, useRequireAuth nhận tham số role; unit test RolesGuard | E11: backend/prisma/schema.prisma, migrations backend/src/modules/auth/** backend/src/common/** frontend/src/store/useAuthStore.ts frontend/src/hooks/useRequireAuth.ts app/auth/login, app/admin/page.tsx | F11: Migration chạy sạch; build + test pass; user mặc định CUSTOMER; CUSTOMER gọi route @Roles(ADMIN) nhận 403; đăng nhập ADMIN chuyển tới /admin; phải merge TRƯỚC khi Lan làm CR-LAN-ADMIN | G11: Chưa làm
A12: GIAI ĐOẠN 2 — TRIỂN KHAI NGUYÊN LIỆU THEO FEATURE (chỉ phân cho người có feature liên quan; Quang Huy không thuộc phạm vi CR-01)
A13: GĐ2-CR | B13: CR-LAN | C13: Lan | D13: Seed nguyên liệu & công thức (làm ĐẦU TIÊN, merge sớm vì Hạnh/Vũ Huy/Hào cần dữ liệu để test): 1. Viết docs/seed-recipes.md: bảng định mức cho cả 10 món × 3 size (S/M/L) và 3 topping, đơn vị g / ml / piece, số nguyên; mỗi bậc size tăng ~30–50% làm tròn (theo CR §2), không dùng đơn vị "gói". 2. Sửa seed.ts: seed Ingredient thực tế, ProductRecipe cho MỌI (món, size), ToppingRecipe cho 3 topping, tồn kho đủ để demo; giữ 1 nguyên liệu tồn thấp để test hết hàng. 3. Giữ Product.stock > 0 (cột DEPRECATED nhưng GET /products vẫn đọc, đặt 0 sẽ làm món biến khỏi menu). | E13: backend/prisma/seed.ts docs/seed-recipes.md | F13: prisma db seed chạy 2 lần liên tiếp không lỗi, không nhân đôi dữ liệu; truy vấn kiểm tra không có (món, size) nào thiếu công thức; có đúng 1 nguyên liệu tồn thấp để demo. | G13: Chưa làm
A14: GĐ2-CR | B14: CR-LAN-ADMIN | C14: Lan | D14: Seed tài khoản ADMIN trong seed.ts (làm sau khi CR-ROLE merge): upsert theo email, role ADMIN, mật khẩu băm bcrypt cùng số rounds với auth.service; ADMIN_EMAIL/ADMIN_PASSWORD đọc từ env, thiếu thì dùng giá trị mặc định dev (chỉ khi NODE_ENV ≠ production, kèm cảnh báo log); thêm biến mẫu vào backend/.env.example; ghi tài khoản demo vào docs/seed-recipes.md hoặc README | E14: backend/prisma/seed.ts backend/.env.example | F14: prisma db seed chạy 2 lần liên tiếp không lỗi, không nhân đôi user; đăng nhập được bằng tài khoản ADMIN và nhận role ADMIN | G14: Chưa làm
A15: GĐ2-CR | B15: CR-HANH | C15: Hạnh | D15: Order — trừ kho theo nguyên liệu khi tạo đơn: 1. OrdersService.create: sau khi tính giá, đọc ProductRecipe theo (productId, size) và ToppingRecipe theo toppingId, nhân với số lượng dòng, gom theo ingredientId. 2. Gọi deductIngredients(tx, …) trong transaction; sau khi có order.id, createMany OrderIngredientUsage từ danh sách helper trả về. Bỏ phần trừ Product.stock/version và Topping.stock. 3. Món/size thiếu công thức → báo lỗi theo quy tắc Chiến chốt (D15: không trừ 0). 4. Viết lại orders.service.spec.ts (và order.service.spec.ts nếu còn mock stock) theo logic mới. 5. Cập nhật docs/order/** (api-contract, db-mapping-order, sequence/activity, use-case, test-cases, state-machine: stock → nguyên liệu, cả phần hủy đơn) và backend/requests/orders.http. | E15: backend/src/modules/orders/orders.service.ts, orders/dto/** backend/src/modules/orders/*.spec.ts docs/order/** backend/requests/orders.http | F15: Thiếu nguyên liệu → 400 nêu tên nguyên liệu, rollback sạch (không tạo đơn, không trừ dở); đơn thành công có OrderIngredientUsage khớp tổng nhu cầu; npm test xanh. | G15: Chưa làm
A16: GĐ2-CR | B16: CR-VUHUY | C16: Vũ Huy | D16: Hủy đơn — hoàn nguyên liệu theo snapshot (chủ module cancel, GD1-07): 1. CancelOrderService.cancel: thay đoạn hoàn Product/Topping bằng restoreIngredients(tx, usages) với dữ liệu OrderIngredientUsage của đơn, trong CÙNG transaction với OrderService.transition(). 2. Đơn tạo trước migration không có snapshot → không lỗi 500 (bỏ qua hoàn). 3. Giữ nguyên rule cũ: chỉ chủ đơn (khác chủ → 404), chỉ từ PENDING/PAYMENT_FAILED (còn lại → 409), hủy 2 lần → 409 và KHÔNG hoàn lần 2. 4. Cập nhật backend/requests/cancel-order.http. (Docs hủy đơn do Hạnh sửa trong docs/order/** để tránh đụng file.) | E16: backend/src/modules/orders/cancel/** backend/requests/cancel-order.http | F16: Hủy đơn hoàn đúng từng nguyên liệu như snapshot (so sánh tồn kho trước/sau); hủy 2 lần không hoàn đôi; code song song được ngay, test thật sau khi Hạnh merge. | G16: Chưa làm
A17: GĐ2-CR | B17: CR-KIET | C17: Kiệt | D17: Payment — rà soát, không đổi logic nếu không có lỗi: 1. Xác nhận POST /payments và thử lại PAYMENT_FAILED → PENDING KHÔNG gọi trừ/hoàn nguyên liệu (nguyên liệu chỉ trừ lúc tạo đơn); thanh toán lỗi giữ nguyên nguyên liệu; replay Idempotency-Key không đổi gì. 2. Cập nhật docs/payment/** (usecase-payment-spec mục giữ tồn kho Q2, db-mapping-payment, thêm test case "tồn kho nguyên liệu không đổi" khi lỗi/retry/replay). 3. Chạy lại test Task 10(b) và backend/requests/payment.http. | E17: backend/src/modules/payments/** (chỉ sửa nếu phát hiện lỗi) docs/payment/** backend/requests/payment.http | F17: Tồn kho nguyên liệu trước/sau khi thanh toán lỗi, thử lại, replay đều không đổi; test (b) xanh; docs payment khớp thiết kế mới. | G17: Chưa làm
A18: GĐ2-CR | B18: CR-HAO | C18: Hảo | D18: Test Task 10(c) — viết lại theo tồn kho nguyên liệu (làm SAU khi Lan + Hạnh merge): 1. backend/test/concurrency.ts (Test 1): reset tồn kho NGUYÊN LIỆU thay vì Product.stock; bắn N request song song cùng dùng chung 1 nguyên liệu chỉ đủ k phần; in số đơn thành công / thất bại và tồn kho cuối. 2. orders-concurrency.e2e-spec.ts: (c) cho món, (c2) cho topping dùng chung nguyên liệu. 3. Cập nhật TS-FR-09-01 trong docs/test-scenarios/test-scenarios.md. | E18: backend/test/concurrency.ts backend/test/orders-concurrency.e2e-spec.ts backend/test/helpers/** docs/test-scenarios/test-scenarios.md | F18: Đúng k đơn thành công, N−k đơn bị 400; tồn kho cuối ≥ 0 và = ban đầu − k × lượng; không deadlock, không 500; chạy được bằng 1 lệnh. | G18: Chưa làm
A19: GIAI ĐOẠN 3 — TÍCH HỢP & VERIFY (LEADER CHIẾN)
A20: GĐ3-CR | B20: CR-VERIFY | C20: Chiến | D20: Tích hợp theo thứ tự: Lan (seed) → Hạnh (order) → Vũ Huy (cancel) → Kiệt (payment) → Hào (test c). Sau mỗi merge: prisma generate, npm run build, npm test, npm run test:e2e. Chạy luồng thật: tạo đơn → kiểm tra tồn kho giảm → hủy → tồn kho hoàn; thanh toán lỗi → retry → tồn kho không đổi. Cập nhật README. Bước sau (Giai đoạn 2 của CR): dọn cột cũ, cập nhật báo cáo LaTeX. | E20: develop → main README.md | F20: Build + toàn bộ test xanh trên máy sạch; luồng thật chạy đúng 3 tiêu chí Task 10 (a)(b)(c); báo cáo mô tả đúng cơ chế mới. | G20: Chưa làm
